<!DOCTYPE mapper
    PUBLIC "-//mybatis.org//DTD Mapper 3.0//EN"
    "https://mybatis.org/dtd/mybatis-3-mapper.dtd">
    

<mapper namespace="com.company.todo.repository.TodoRepository">
		<select id="getTodoList" resultType="TodoDTO">
			SELECT * FROM todolist
			ORDER BY id
		</select>
		
		<insert id="insertTodoList" parameterType="TodoDTO">
			INSERT INTO todolist(todoname)
			VALUES(#{todoname})
		</insert>
		
		<update id="updateTodoList" parameterType ="TodoDTO">
			UPDATE todolist SET completed=#{completed}
			WHERE id=#{id}
		</update>
		
		<delete id="deleteTodoList" parameterType="int">
        DELETE FROM todolist
        WHERE id=#{id}
    	</delete>
</mapper>